ID,Label,Helper,ChildrenPipeDelimited
c-show-app,Show appreciation,,For Current/Existing Donors|After donation amount is given
c-phonetics,Phonetics table provided to candidate,,
c-dontask,"Don't Ask, Just Verify Address and Phone Number",Existing member already provided address and phone number,
c-verify,Verification,,Name|Address|Phone|Email|Card/EFT
c-verbatim,Read script verbatim,No adlibbing or skipping sections,
c-nav,Use effective script navigation,,Scroll down to avoid missing parts of the script|Use the Back and Next buttons and not the Icons
c-search-name,Search name for every call,Search the caller's name on every call to avoid duplicate member records.,
c-no-volunteer,Do not volunteer information,"Do not verify details the member has not provided, such as an email address.",
c-other,Other,,
